[
  {
    "title": "Camiseta Azul",
    "description": "Camiseta de algodón azul",
    "code": "TSHIRT-BLUE",
    "price": 20,
    "status": true,
    "stock": 50,
    "category": "Ropa",
    "thumbnails": [
      "/img/remera_azul.png"
    ],
    "id": 1
  },
  {
    "title": "Pantalon rojo",
    "description": "marca duvon",
    "code": "pantalon-12",
    "price": 50,
    "status": true,
    "stock": 10,
    "category": "Ropa",
    "thumbnails": [
      "/img/pantalon_rojo.png"
    ],
    "id": 2
  },
  {
    "title": "Remera azul chica",
    "description": "remera azul tamaño m",
    "code": "TSHIRT-BLUE-M",
    "price": 123.45,
    "status": true,
    "stock": 3,
    "category": "REMERA",
    "thumbnails": "/img/remera_Azul.png",
    "id": 4
  },
  {
    "title": "remera roja",
    "description": "remera medio grande",
    "code": "22321",
    "price": 45,
    "status": true,
    "stock": 4,
    "category": "ropa",
    "thumbnails": "/img/remera_rojo.png",
    "id": 6
  },
  {
    "id": 10,
    "title": "Remera Azul T3",
    "description": "Remera azul talle 3",
    "code": "RA-3",
    "price": 12321,
    "stock": 34,
    "category": "Remeras",
    "thumbnails": "/img/remera_azul.png",
    "status": true
  },
  {
    "id": 11,
    "title": "Traje Wushu",
    "description": "Traje de competencia wushu moderno",
    "code": "Wushu-K-1",
    "price": 56000,
    "stock": 1,
    "category": "Artes marciales",
    "thumbnails": "https://ae-pic-a1.aliexpress-media.com/kf/H4b9b39bbb1af4e7ea74f0e121a5f60af5/Traje-de-Tai-Chi-Wushu-para-hombre-y-mujer-ropa-de-Wing-Chun-uniforme-de-Kung.jpg_.webp",
    "status": true
  },
  {
    "title": "Karate Kimono",
    "description": "traje de entrenamiento ultra resistente",
    "code": "KARATE-1",
    "price": "67000",
    "stock": "6",
    "category": "Artes marciales",
    "thumbnails": "https://http2.mlstatic.com/D_NQ_NP_692382-MLA31012843861_062019-O.webp",
    "id": 12,
    "status": true
  },
  {
    "title": "Taichi Traje",
    "description": "Traje de seda de competencia",
    "code": "TAICHI-1",
    "price": "87000",
    "stock": "1",
    "category": "Artes marciales",
    "thumbnails": "https://ae-pic-a1.aliexpress-media.com/kf/Sd588972473d04adba86eb121883ff055R.jpg_640x640Q90.jpg_.webp",
    "id": 13,
    "status": true
  }
]